titre,prix_estime,url,date_creation,subreddit,score,nombre_commentaires,description
[USA-CA] [H] Asus Vivobook 15 inch [W] PayPal cash,$600,https://www.reddit.com/r/hardwareswap/comments/1q4aiwu/usaca_h_asus_vivobook_15_inch_w_paypal_cash/,2026-01-05 04:20:02,hardwareswap,2,2,I have a Asus vivobook 15 inch I’m selling condition is 7/10 if I’m being honest mainly basic wear and tear laptop runs flawlessly never used to game on. There’s a tiny mark on the screen barely notic...
[USA-TX] [H] zephyrus g16 4070 [W] paypal/local cash. Or trade for zephyrus g14 or similar slim laptop,,https://www.reddit.com/r/hardwareswap/comments/1q4287s/usatx_h_zephyrus_g16_4070_w_paypallocal_cash_or/,2026-01-04 22:29:42,hardwareswap,3,1,"https://imgur.com/a/j3HFXaX

I was looking to trade plus put cash on my end (depending on the model)for a g14 but ill just end up selling probably.
For the g16 i have with 32gb of ram and 1tb of stora..."
"[USA-NY] [H] Asus Zephyrus G14 2024, Noctua NF-A14x25/NF-A14x25r, BNIB Lofree Flow 2 84, Sonos Beam Gen 2 [W] Paypal",$1300,https://www.reddit.com/r/hardwareswap/comments/1q3hkmy/usany_h_asus_zephyrus_g14_2024_noctua/,2026-01-04 06:29:23,hardwareswap,2,4,"Timestamp: [https://imgur.com/a/1hwe9K0](https://imgur.com/a/1hwe9K0)

Hi all! I have a few things I’d like to sell.



**Asus Zephyrus G14 2024: $1300 Shipped**

I bought this from another redditor l..."
"[USA-TX][H] 7800x3d + 9070XT Gaming PC, Ideapad 3 5600H 1650 Laptop, i3-12100f, Logitech G Pro X Superlight 2, Oneplus Nord N200, CoolerMaster PCIe 4.0 White Vertical Mount [W] Paypal / Local Cash",$250,https://www.reddit.com/r/hardwareswap/comments/1q3gb5e/usatxh_7800x3d_9070xt_gaming_pc_ideapad_3_5600h/,2026-01-04 05:26:20,hardwareswap,6,36,"Good evening,

Making some changes to my setup and have some stuff laying around, so splitting this post into two parts. Starting us up here with the PC. I am consolidating down to one gaming laptop t..."
"[USA-IL] [H] ASUS Zephyrus G16 16"" OLED 2.5K 240Hz 285H RTX 5070 Ti 32GB/1TB Eclipse Gray  Gaming Laptop  [W] Paypal",$1700,https://www.reddit.com/r/hardwareswap/comments/1q1jmts/usail_h_asus_zephyrus_g16_16_oled_25k_240hz_285h/,2026-01-02 01:15:18,hardwareswap,6,7,"Selling my ASUS - ROG Zephyrus G16 16"" OLED 2.5K 240Hz Gaming Laptop 285h CPU 32GB RAM - NVIDIA RTX 5070 Ti 12GB - 1TB SSD - Eclipse Gray

Bought it through Bestbuy but I'm out of the return window. E..."
"[USA-CA] [H] Surface Laptop 7 Snapdragon X Elite 15 inch 2tb SSD 32gb Ram [W] Cash, Paypal G&S",,https://www.reddit.com/r/hardwareswap/comments/1q0q57o/usaca_h_surface_laptop_7_snapdragon_x_elite_15/,2026-01-01 00:21:41,hardwareswap,4,2,"SOLD

Timestamp: [https://imgur.com/a/fHDHYMO](https://imgur.com/a/fHDHYMO)

  
Selling a 15 inch Surface Laptop 7 with the Snapdragon X Elite chipset and 32gb of ram

Upgraded storage to 2tb

Normal ..."
[USA-KY] [H] Alienware M18 R1 (AMD) | Retroid Pocket 5 | Ryzen 7 7700 [W] PayPal,$800,https://www.reddit.com/r/hardwareswap/comments/1q2gk1z/usaky_h_alienware_m18_r1_amd_retroid_pocket_5/,2026-01-03 02:08:04,hardwareswap,3,10,"Good evening, selling a few items I no longer need.

⸻

[Video timestamp of everything](https://imgur.com/a/UpNO0Wa)

****Alienware M18 R1 (AMD)****

**Specs**:
	•	RTX 4070
	•	Ryzen 9 7845HX
	•	32GB D..."
"[USA-KY][H] Open-Box Lenovo Yoga Pro 9 (16"" 2.8k OLED 120hz Display, Intel Ultra 7 255H, 32gb DDR5 8400MT/S, GeForce 5050 8GB, 1TB NVME SSD)[W] Local Cash, PayPal","$1,10",https://www.reddit.com/r/hardwareswap/comments/1q03nh7/usakyh_openbox_lenovo_yoga_pro_9_16_28k_oled/,2025-12-31 05:21:29,hardwareswap,4,6,"Time Stamp (Video is included):  https://imgur.com/a/Y3g33tk 

\*\*\*Price: $1,100\*\*\*

Selling a like-new (only opened to provide photos/video) Lenovo Yoga Pro 9. It’s a $1,900 laptop brand new, an..."
"[USA-CO][H] 2 in box WII consoles, cameras, Tons of MacBook's, older Windows Laptops, iPhones, Philips CDI 220, Xbox Games, Wii Games, 3DS Games, Xbox One games, Xbox 360 Games, Wii U games [W] PayPal, trades for ddr4, Gaming GPU, Ryzen 7/9 5000 series",$130,https://www.reddit.com/r/hardwareswap/comments/1q1g30i/usacoh_2_in_box_wii_consoles_cameras_tons_of/,2026-01-01 22:46:20,hardwareswap,7,3,Hey everyone. Downsizing a lot of stuff and helping the fam do the same. Have a bunch of electronics & games I am looking to sell! Would be also interested in trades for a Ryzen 7/9 5000 series to upg...
"[USA-MD][H] PC Build: AMD Ryzen 5 3600, MSI B550M AM4 mATX, G.Skill Ripjaws V 16 GB (2 x 8GB) DDR4 3200, Gigabyte Radeon RX 5600XT 6GB, Inland Premium 512 GB SSD M.2 NVMe, WD 500 GB M.2 NVMe, Segate BarraCuda 2TB HBB, PowerSpec 650 Watt 80+ Bronze, NZXT H510 [W] Local Cash or Paypal",$400,https://www.reddit.com/r/hardwareswap/comments/1q00ly5/usamdh_pc_build_amd_ryzen_5_3600_msi_b550m_am4/,2025-12-31 02:57:44,hardwareswap,7,2,"Looking to sell my PC build. PC was my daily driver when I was working from home, but I have been using it less and less. Moved to laptop for personal use. Here is the PCPartPicker Link for my build: ..."
"[USA-MI][H] Several DDR5 Rams, 16gb and 128gb DDR4 Ram, 2x i9 13900k and z790 Rog Strix and hero motherboards, Alienware R15, 990 pro 4tb and other 1 tb m.2 drives [W] PayPal, cash",$250,https://www.reddit.com/r/hardwareswap/comments/1pz2sjj/usamih_several_ddr5_rams_16gb_and_128gb_ddr4_ram/,2025-12-30 01:12:18,hardwareswap,6,35,"**2:07pm ET Update sold items and prices for some items**

RAM

32gb DDR5 white teamgroup 6400mhz cl40 $250

32gb Kingston fury laptop DDR5 4800MT/s CL38 - 38 - 38 ram - $150

64gb DDR5 corsair ram 52..."
"[USA-NH][H] 4080 Super, Glorious Gaming Mice, USB-C Docks, Soundcore headphones, etc... [W] PayPal, local cash",$875,https://www.reddit.com/r/hardwareswap/comments/1pzq24l/usanhh_4080_super_glorious_gaming_mice_usbc_docks/,2025-12-30 19:41:55,hardwareswap,4,10,"Hello HWS!

Just in time for the New Year, I've got some hardware that I'm looking to offload to clear out my closet and get some cash to apply to those New Year's Resolutions that will hopefully last..."
"[USA-PA] [H] Modded PS Vita Slim, PSP 3001, 11"" iPad Air 64gb WiFi + Cellular, 13"" MacBook Pro 2020 Intel [W] Paypal, Local Cash",$175,https://www.reddit.com/r/hardwareswap/comments/1py65zn/usapa_h_modded_ps_vita_slim_psp_3001_11_ipad_air/,2025-12-29 00:37:50,hardwareswap,3,6,"Hello all, I have the following items listed:

**~~Modded PS Vita Slim (PCH-2001)~~** [~~(timestamp)~~](https://imgur.com/a/UnqhrbV)  
Condition: great, rarely used  
Has FW 3.60  
Comes with:  
\- Or..."
"[USA-CA][H] Laptop MSI Prestige 16 AI Studio EVO 16"" Ultra 9 185H GeForce RTX 4070 [W] PayPal",$950,https://www.reddit.com/r/hardwareswap/comments/1pv0a3d/usacah_laptop_msi_prestige_16_ai_studio_evo_16/,2025-12-25 00:36:41,hardwareswap,3,7,"Hi all, selling a laptop I'm not using.

[Video timestamp](https://streamable.com/fftpx7)

MSI Prestige 16 AI Studio EVO 16.0"" OLED Laptop Ultra 9 185H GeForce RTX 4070 Laptop GPU 32GB RAM 2 TB NVMe S..."
"[USA-CA][H] AM4 Stuff, Fans, 1660 Ti, Old GPUs, Old Athlon Mobo w/CPU & DDR2 RAM [W] Local Cash",$5,https://www.reddit.com/r/hardwareswap/comments/1pxgpyz/usacah_am4_stuff_fans_1660_ti_old_gpus_old_athlon/,2025-12-28 04:17:10,hardwareswap,4,16,Hey everyone first post here hoping I can clear out some stuff I've had lying around in my spare parts closet. Everything working the last time I used it. Everything always kept indoors in a smoke fre...
"[USA-CO][H] Game Consoles, Windows Laptops, Several Older Macbooks, Older Iphones, Point & Shoot Cameras, Asus X99 Deluxe motherboard, Tons of video Games [W] PayPal, Ryzen 9 5950x, DDR4, GPU",$130,https://www.reddit.com/r/hardwareswap/comments/1pxib1y/usacoh_game_consoles_windows_laptops_several/,2025-12-28 05:36:20,hardwareswap,11,12,Hey everyone. Downsizing a lot of stuff and helping the fam do the same. Have a bunch of electronics & games I am looking to sell! Would be also interested in trades for a Ryzen 9 5950X to upgrade a s...
"[USA-MI] [H] ddr5 ram 32gb, Be quiet silent loop 3 aio, G pro superlight 2, G pro 60 keyboard [W] PayPal",$710,https://www.reddit.com/r/hardwareswap/comments/1pvcyrw/usami_h_ddr5_ram_32gb_be_quiet_silent_loop_3_aio/,2025-12-25 14:03:14,hardwareswap,4,6,"[ https://imgur.com/a/3IZFzWX ](https://imgur.com/a/3IZFzWX)

[ https://imgur.com/a/Rf30v0u ](https://imgur.com/a/Rf30v0u)

[ https://imgur.com/a/4lAGz4U ](https://imgur.com/a/4lAGz4U) (ram close up)
..."
"[USA-KY] [H] Lenovo Legion 5 Gaming Laptop - 32GB RAM, 3070 ti GPU, 1TB SSD, Ryzen 7 6800H and Klim Everest Cooling Pad [W] Paypal",$700,https://www.reddit.com/r/hardwareswap/comments/1psbh5n/usaky_h_lenovo_legion_5_gaming_laptop_32gb_ram/,2025-12-21 18:10:09,hardwareswap,2,2,"Timestamps: [https://ibb.co/album/bsykJ2](https://ibb.co/album/bsykJ2)

Selling my Lenovo Legion 5 Gaming Laptop. I bought this in the spring with the intention to game more on the go... unfortunately..."
[USA-NJ][H] Asus ROG Zephyrus G15 - Ryzen 9 6900 - RTX 3060 - 16GB Ram - 512GB SSD - Model: ga503r [W] PayPal/Local Cash,$500,https://www.reddit.com/r/hardwareswap/comments/1psfv7m/usanjh_asus_rog_zephyrus_g15_ryzen_9_6900_rtx/,2025-12-21 21:12:52,hardwareswap,2,3,"Timestamp: [https://imgur.com/a/wfODS08](https://imgur.com/a/wfODS08)

Hey all,

I have an Asus gaming laptop I'm looking to sell. My fiancée got it in 2022 for going back to school and to be able to ..."
"[USA-CO][H] Game Consoles, Windows Laptops, Several Older Macbooks, Older Iphones, Point & Shoot Cameras, Asus X99 Deluxe motherboard, Tons of video Games [W] PayPal, Ryzen  9 5950x, DDR4, GPU",$175,https://www.reddit.com/r/hardwareswap/comments/1prt1cf/usacoh_game_consoles_windows_laptops_several/,2025-12-21 01:27:58,hardwareswap,6,11,Hey everyone. Downsizing a lot of stuff and helping the fam do the same. Have a bunch of electronics & games I am looking to sell! Would be also interested in trades for a Ryzen 9 5950X to upgrade a s...
"[USA-NJ] [H] Laptop: HP PAVILION PLUS 16 [W] PayPal, Cash",$350,https://www.reddit.com/r/hardwareswap/comments/1povhle/usanj_h_laptop_hp_pavilion_plus_16_w_paypal_cash/,2025-12-17 13:38:01,hardwareswap,2,2,"Closed. Reposting!

Good Day Hardwareswap,

Timestamp: https://imgur.com/a/f1GiyL7

Highly prefer LOCAL sale (08852). If no local interest, then I would obviously ship, but that would incur shipping c..."
"[USA-WV] [H] Lenovo Legion Go Z1E 16GB 512GB [W] Local Cash, PayPal",$365,https://www.reddit.com/r/hardwareswap/comments/1pokvks/usawv_h_lenovo_legion_go_z1e_16gb_512gb_w_local/,2025-12-17 03:24:32,hardwareswap,2,8,"SOLD TO /u/SalemKinkTrials for $365 shipped.

https://imgur.com/a/pA2Adm5

Local to 25064

Good evening!

Long story short, I got worked on a trade deal (my own fault). The guy said it was a 32GB 1TB ..."
"[USA-NH] [H] Dell Pro 16 16 GB RAM AMD R7 Pro 250 | Latitude 3440 32 GB DDR4 i7-1355U | A10 Warthog HOTAS, TrackIR, desk mounts | BeQuiet SFX-L 600w PSU | BNIB Dell SD25TB4 dock | Various Dell e-waste [W] PayPal, Local Cash",$300,https://www.reddit.com/r/hardwareswap/comments/1pp6dr7/usanh_h_dell_pro_16_16_gb_ram_amd_r7_pro_250/,2025-12-17 20:58:12,hardwareswap,2,13,"Shipping to the continental US only.  


[Dell Latitude 3440](https://imgur.com/a/XATN15t) | [video](https://streamable.com/uejs6b)  

* 32 GB DDR4 3200
* i7-1355U processor
* Iris XE Graphics 1920/10..."
[USA-IN] [H] Asus ROG FLOW Z13 2025 1TB SSD 32 GB RAM [W] Paypal,$1650,https://www.reddit.com/r/hardwareswap/comments/1pltbwg/usain_h_asus_rog_flow_z13_2025_1tb_ssd_32_gb_ram/,2025-12-13 20:09:49,hardwareswap,3,5,"I have for sale here is a gently used ROG Flow Z13 2025.

Laptop works perfectly - no issues. Selling as my use case did not pan out.  Max+ 395 CPU

The Laptop is in really good condition with some mi..."
"[USA-CA][H] MSI laptop, routers, viper v3 pro, apple watch bands, hart audio cable [W] Paypal, Local cash",$45,https://www.reddit.com/r/hardwareswap/comments/1pnn365/usacah_msi_laptop_routers_viper_v3_pro_apple/,2025-12-16 00:54:41,hardwareswap,2,6,"[Timestamps](https://imgur.com/gallery/hardwareswap-osckc4z)

* ~~Razer Viper v3 pro - $45 shipped OBO (~~**~~missing the USB-C cable and has supergrip installed~~**~~)~~
* Hart Audio Cable for HD800s..."
[USA-MD] [H] MacBook Pro M1 256GB/8GB [W] PayPal,$350,https://www.reddit.com/r/appleswap/comments/1plq3iq/usamd_h_macbook_pro_m1_256gb8gb_w_paypal/,2025-12-13 17:56:10,appleswap,2,11,~~Selling a M1 MacBook Pro base model (256/8). The cycle count on the battery is ~565. iCloud unlocked. The laptop is in good condition apart from minor marks from normal use and some keys on the keyb...
"[USA-OK] [H] Lenovo X1 Extreme Gen 4 16"" - i7-11800H, 32GB RAM, 3050 Ti, 512GB NVMe [W] PayPal, Local Cash",,https://www.reddit.com/r/hardwareswap/comments/1plrdmg/usaok_h_lenovo_x1_extreme_gen_4_16_i711800h_32gb/,2025-12-13 18:49:07,hardwareswap,3,1,"Album w/ timestamp

￼Selling my X1 Extreme Gen 4. Great machine and has served me well. In good condition, just some small bits of wear from use the past 4 years. No major issues. Will include the ori..."
"[USA-CA] [H] 2X16GB DDR4 RAM, 8GB DDR4 SODIMM, RM750X PSU, MSI Z270 KRAIT GAMING + i7 7700K, Fenvi WIFI ADAPTER FV9260, Orbi RBK53S, Seasonic Syncro 750W PSU + Q7 Case, NH-D15 SE-AM4 [W] PAYPAL, LOCAL CASH",$120,https://www.reddit.com/r/hardwareswap/comments/1pm9937/usaca_h_2x16gb_ddr4_ram_8gb_ddr4_sodimm_rm750x/,2025-12-14 09:33:10,hardwareswap,2,11,"timestamp: [ https://imgur.com/a/RrNJhcH ](https://imgur.com/a/RrNJhcH)

Clearing out some old stuff.

Located in Bay Area. PM for local zipcode. Will give discount for multiple item purchase or local..."
[USA-NM] [H] (x6) 32GB(16x2) DDR5-5600 SODIMM (Laptop) RAM Kits [W] PayPal,$160,https://www.reddit.com/r/hardwareswap/comments/1pl2as2/usanm_h_x6_32gb16x2_ddr55600_sodimm_laptop_ram/,2025-12-12 21:29:59,hardwareswap,3,6,"Hey all,

Today, I have ~~6~~ **5** SODIMM/Laptop DDR5-5600 RAM kits that I’m looking to sell. These were immediately pulled and upgraded from brand-new HP workstations sometime last year, so they are..."
"[USA-PA] [H] RTX 3070ti FE, Microsoft Surface Pro 5 w/Accessories, MSI Creator 15 A10SFS Laptop w/Charger, 8× Noctua NF-F12 iPPC 3000 fans, 200mm ThermalTake Fan 200mm CoolerMaster fan [W] Paypal/Local Cash",$400,https://www.reddit.com/r/hardwareswap/comments/1plsc5u/usapa_h_rtx_3070ti_fe_microsoft_surface_pro_5/,2025-12-13 19:28:58,hardwareswap,2,8,"Hey Y'all, 

Real easy, I've got some electronics lying around I don't use anymore, would like to sell them to someone else to enjoy. Without further ado...

Timestamps: https://imgur.com/a/yWipq0v
Ti..."
[USA-IN] [H] Asus ROG FLOW Z13 2025 1TB SSD 32 GB RAM [W] Paypal,$1700,https://www.reddit.com/r/hardwareswap/comments/1pjxo38/usain_h_asus_rog_flow_z13_2025_1tb_ssd_32_gb_ram/,2025-12-11 14:35:27,hardwareswap,2,3,"I have for sale here is a gently used ROG Flow Z13 2025.

Laptop works perfectly - no issues. Selling as my use case did not pan out. It’s still under warranty and purchased from HIDevolution in Q1 so..."
[USA-IN] [H] Asus ROG Flow Z13 AI Max+ 395 1TB SSD 32GB RAM [W] Paypal G&S,$1800,https://www.reddit.com/r/hardwareswap/comments/1pijzkt/usain_h_asus_rog_flow_z13_ai_max_395_1tb_ssd_32gb/,2025-12-09 22:34:11,hardwareswap,2,5,"I have for sale here is a gently used ROG Flow Z13 2025.

Laptop works perfectly - no issues. Selling as my use case did not pan out. It’s still under warranty and purchased from HIDevolution in Q1 so..."
"[USA-CA] [H] PC Build AMD Ryzen 9 5950X, MSI B450 Tomahawk Max, Corsair Vengeance 32 GB DDR4, Nvidia 5070Ti, Corsair RMx 1000W, NZXT H7 Flow, Samsung 860 Evo Plus 1 TB [W] Local Cash",$1000,https://www.reddit.com/r/hardwareswap/comments/1pi6ble/usaca_h_pc_build_amd_ryzen_9_5950x_msi_b450/,2025-12-09 13:36:34,hardwareswap,15,16,"Hi all,

Timestamps - https://imgur.com/a/RUyhXDm

Location - Sacramento, CA (95835)

~~Looking to sell a PC I built recently with some leftover parts. Case, graphics card, and power supply were bough..."
[USA-DE] [H] Gaming Laptop Lenovo Legion 5 Pro 16ACH6H R7 3070 model [W] PayPal G&S,$700,https://www.reddit.com/r/hardwareswap/comments/1pisskb/usade_h_gaming_laptop_lenovo_legion_5_pro_16ach6h/,2025-12-10 05:00:26,hardwareswap,3,4,"Repost

Timestamps: [https://postimg.cc/gallery/dvMRsv1](https://postimg.cc/gallery/dvMRsv1)

Hey all, want to sell my gaming laptop as I have upgraded. It is in excellent condition as the chassis has..."
"[USA-SD] [H] (5x) Dell Precision 7540 with 9th Gen i7, 32GB Ram [W] PayPal, Local Cash",$265,https://www.reddit.com/r/hardwareswap/comments/1pjq77b/usasd_h_5x_dell_precision_7540_with_9th_gen_i7/,2025-12-11 07:05:16,hardwareswap,2,3,"Finished going through and cleaning up 5 more of these mobile workstations that have proven quite popular so far.

**Note that I am OUT of shipping boxes due to how quickly these have been selling.  I..."
"[USA-OH] [H] Acer Predator Helios 300 Gaming Laptop w/RTX 3070 ti [W] PayPal, local cash",$635,https://www.reddit.com/r/hardwareswap/comments/1pjdnpe/usaoh_h_acer_predator_helios_300_gaming_laptop/,2025-12-10 21:31:27,hardwareswap,4,9,"Acer Predator - ~~$635~~ ~~$590~~ **$545 shipped** \- timestamps: [https://imgur.com/a/FKftPop](https://imgur.com/a/FKftPop)

*\*\*\*Final rate cut before I list on FleaBay, or adopt this as my own pe..."
"[USA-IL] [H] MacBook M4 Pro 16"" [W] Paypal",$1400,https://www.reddit.com/r/appleswap/comments/1pidzoa/usail_h_macbook_m4_pro_16_w_paypal/,2025-12-09 18:45:30,appleswap,6,9,"Looking to sell my MacBook Pro 16"", 24GB Ram, 512 SSD. Battery has 12 cycles and this laptop has pretty much sat on my desk.

I did notice that my Apple Watch rubbed the lower left hand corner and rem..."
[USA-TX][H] Razer 2021 Advanced rz09-0409BEA3 32gb ram 1tb ssd [W] Paypal,,https://www.reddit.com/r/hardwareswap/comments/1phmp2k/usatxh_razer_2021_advanced_rz090409bea3_32gb_ram/,2025-12-08 21:04:38,hardwareswap,2,5,"Selling my 2021 razer advanced 15.6 inch laptop. Has signs of use on screen and some sticker marks but no residue. Looking for 550 obo.

[ https://imgur.com/a/ricfcMi ](https://imgur.com/a/ricfcMi)..."
[USA-TX] [H] Lenovo Legion 7 13900/4090 Gaming Laptop (2023) [W] PayPal or local,$1750,https://www.reddit.com/r/hardwareswap/comments/1phrsr9/usatx_h_lenovo_legion_7_139004090_gaming_laptop/,2025-12-09 00:24:08,hardwareswap,7,5,"Selling my in mint condition Lenovo Legion 7 it also includes an additional 4TB SSD added a WD SN850X 4TB NVMe SSD. Laptop has no known issues, was not used a lot and is in perfect working condition. ..."
"[USA-TX] [H] 7700xt, hp omen 15 3060m, 6900xt pc, [W] paypal/local cash/ g14 2024/2025/slim laptop",,https://www.reddit.com/r/hardwareswap/comments/1pi3db3/usatx_h_7700xt_hp_omen_15_3060m_6900xt_pc_w/,2025-12-09 10:41:38,hardwareswap,2,4,"https://imgur.com/a/JpcLIiy 7700xt timestamp

https://imgur.com/a/1PeSV4T 3060 laptop timestamp

13900f is sold

Rx 7700xt, used for a few months, no issues, fans are super quiet under heavy load too,..."
[USA-IN] [H] ROG FLOW Z13 2025 AI Max+ 395 32 GB RAM 1 TB SSD [W] Paypal,$2150,https://www.reddit.com/r/hardwareswap/comments/1pgq661/usain_h_rog_flow_z13_2025_ai_max_395_32_gb_ram_1/,2025-12-07 19:53:37,hardwareswap,3,3,"I have for sale here is a gently used ROG Flow Z13 2025.

Laptop works perfectly - no issues. Selling as my use case did not pan out. It’s still under warranty and purchased from HIDevolution in Q1 so..."
"[USA-WA/OR] [H] 2025 Framework 13”, 7840u, 32gb, 2tb, 2.8k [W] PayPal",$999,https://www.reddit.com/r/hardwareswap/comments/1pgxy8s/usawaor_h_2025_framework_13_7840u_32gb_2tb_28k_w/,2025-12-08 01:13:00,hardwareswap,7,7,"Selling my Framework 13 purchased January 2025. Includes Dbrand topography skin if you want it, happy to remove it and clean the back if not. 

Timestamps: https://imgur.com/a/WCaxoDG

Framework Lapto..."
[USA-CA] [H] HP Z-Studio G11 [W] PayPal/Local Cash,$2100,https://www.reddit.com/r/hardwareswap/comments/1pg0w2q/usaca_h_hp_zstudio_g11_w_paypallocal_cash/,2025-12-06 22:44:16,hardwareswap,2,1,"Looking to sell 3 HP Z-Studio G11 Laptops.  

* 2 of them are HP Z-Studio G11 - U7, 64GB RAM, SSD-1TB, DTX 3000, 500nit DreamColor. (Selling each one for ~~$2100~~ $1800)
* The other one is HP Z-Studi..."
"[USA-VA] [H] 7800X3D+5070 Ti, 32GB DDR5, 2TB 8L SFF Build [W] Paypal, Local Cash","$1,80",https://www.reddit.com/r/hardwareswap/comments/1phzlff/usava_h_7800x3d5070_ti_32gb_ddr5_2tb_8l_sff_build/,2025-12-09 06:41:47,hardwareswap,10,10,"Bought on here in Sept. Selling it since I wanted something even more portable and bought a laptop during black friday. Case here is ZS-A4 V3.2 at 8.2L. Local to DMV area.

[timestamps](https://imgur...."
"[USA-CT] [H] Asus Strix G15, Ryzen 9 5980HX, RX 6800M QHD Gaming Laptop [W] Paypal",$650,https://www.reddit.com/r/hardwareswap/comments/1pfwbcz/usact_h_asus_strix_g15_ryzen_9_5980hx_rx_6800m/,2025-12-06 19:30:39,hardwareswap,3,3,"Hey everyone,

Selling a Strix G15 gaming laptop. Comes with original box and all accessories. $650 shipped

160Hz QHD Display 
Ryzen 9 5980HX
RX 6800M
512GB SSD
16GB Ram.

Timestamps:

https://imgur...."
"[USA-NJ] [H] HP PAVILION PLUS 16 - Laptop [W] PayPal, Cash",$350,https://www.reddit.com/r/hardwareswap/comments/1pf2d82/usanj_h_hp_pavilion_plus_16_laptop_w_paypal_cash/,2025-12-05 19:15:27,hardwareswap,2,3,"CLOSED! Will be creating a new post nice my posting cooldown fades. 

Good Day Hardwareswap,

Timestamp: https://imgur.com/a/frzvd0J

Highly prefer LOCAL sale (08852).  If no local interest, then I wo..."
"[USA-NV] [H] Zotac 3080 Trinity Gaming OC 12GB, Silicone Power 32GB (2x16) 3200Mhz CL16 DDR4 RAM, Corsair SODIMM DDR4 2400Mhz CL16 (2x8GB), Refurb Logitech G502X Plus Lightspeed, Fender Mustang Micro Plus Amp [W] Paypal",$325,https://www.reddit.com/r/hardwareswap/comments/1pfqhp9/usanv_h_zotac_3080_trinity_gaming_oc_12gb/,2025-12-06 15:23:46,hardwareswap,5,11,"Timestamps: https://imgur.com/a/xLteNnX

~~3080: Want $325 Shipped. Great GPU, but in the midst of trying to upgrade everything for Assetto Corsa Evo and Rally and VR performance. Also just added a 4K..."
"[USA-FL][H] Acer Predator Helios 18"" laptop 14900HX/ 4090/ 32Gb ram/ 1TB [W] Cash/Paypal",$2000,https://www.reddit.com/r/hardwareswap/comments/1pf5yu5/usaflh_acer_predator_helios_18_laptop_14900hx/,2025-12-05 21:36:52,hardwareswap,2,1,"
Hey ladies and Gentlemen

Looking to sell my Acer Predator Helios 18"" laptop

Specs:
14900HX
4090
32GB ddr5 ram
1TB
18"" 250HZ mini led display

Looking for $2000 shipped, or $1900 Locally
But if you ..."
"[USA-NC] [H] DDR5 5600 SODIMM 16gb (2x8) RAM kit, DDR4 2666 SODIMM 32gb (2x16) RAM kit [W] Paypal",,https://www.reddit.com/r/hardwareswap/comments/1pdj3ul/usanc_h_ddr5_5600_sodimm_16gb_2x8_ram_kit_ddr4/,2025-12-03 23:48:24,hardwareswap,2,5,"The DDR5 kit came from a Lenovo Legion 5 16AHP9, the DDR4 kit came from an Overpowered 17 in/OP-LP3 laptop. Both have barely been used as I replaced them with higher capacity kits almost immediately w..."
[USA-PA] [H] NR200 ITX Gaming PC | 5600X | 5070 Ti | 2TB M.2 SSD | 64GB RAM + extras [W] Local Cash,$1250,https://www.reddit.com/r/hardwareswap/comments/1peaifc/usapa_h_nr200_itx_gaming_pc_5600x_5070_ti_2tb_m2/,2025-12-04 21:14:57,hardwareswap,15,11,"Looking to sell my gaming PC in full since I've been making a larger change using my laptop and Steam Deck more often. It's been in a smoke-free household, slightly frankensteined together over the ye..."
